{
    "accuracy": 0.41375,
    "loss": 1.016128471940756,
    "classification_report": "              precision    recall  f1-score   support\n\n          -1       0.00      0.00      0.00         8\n           0       0.48      0.40      0.43       273\n           1       0.41      0.72      0.52       273\n           2       0.28      0.11      0.16       246\n\n    accuracy                           0.41       800\n   macro avg       0.29      0.31      0.28       800\nweighted avg       0.39      0.41      0.37       800\n",
    "cosine_similarity_mean": 0.7768816351890564,
    "cosine_similarity_std": 0.12325092405080795
}